-- phpMyAdmin SQL Dump
-- version 4.9.0.1
-- https://www.phpmyadmin.net/
--
-- Host: sql206.infinityfree.com
-- Generation Time: Feb 16, 2026 at 11:22 AM
-- Server version: 11.4.10-MariaDB
-- PHP Version: 7.2.22

SET SQL_MODE = "NO_AUTO_VALUE_ON_ZERO";
SET AUTOCOMMIT = 0;
START TRANSACTION;
SET time_zone = "+00:00";


/*!40101 SET @OLD_CHARACTER_SET_CLIENT=@@CHARACTER_SET_CLIENT */;
/*!40101 SET @OLD_CHARACTER_SET_RESULTS=@@CHARACTER_SET_RESULTS */;
/*!40101 SET @OLD_COLLATION_CONNECTION=@@COLLATION_CONNECTION */;
/*!40101 SET NAMES utf8mb4 */;

--
-- Database: `if0_36220999_systeminventory`
--

-- --------------------------------------------------------

--
-- Table structure for table `inventory_movements`
--

CREATE TABLE `inventory_movements` (
  `id` bigint(20) NOT NULL AUTO_INCREMENT,
  `product_id` int(11) NOT NULL,
  `type` enum('in','out') NOT NULL,
  `quantity` int(11) NOT NULL,
  `date` date NOT NULL,
  `notes` text DEFAULT NULL,
  `customer` varchar(150) DEFAULT NULL,
  `supplier` varchar(150) DEFAULT NULL,
  `created_at` timestamp NOT NULL DEFAULT current_timestamp(),
  PRIMARY KEY (`id`),
  KEY `fk_inventory_product` (`product_id`),
  CONSTRAINT `fk_inventory_product`
    FOREIGN KEY (`product_id`)
    REFERENCES `inventory_products` (`id`)
    ON UPDATE CASCADE
) ENGINE=InnoDB DEFAULT CHARSET=utf8mb4;


--
-- Dumping data for table `inventory_movements`
--

INSERT INTO `inventory_movements` (`id`, `product_id`, `type`, `quantity`, `date`, `notes`, `customer`, `supplier`, `created_at`) VALUES
(15, 7, 'in', 1, '2025-09-01', 'return', NULL, 'kurir', '2025-09-01 13:18:48'),
(16, 7, 'in', 33, '2025-09-01', 'masuk baru', NULL, 'gudang', '2025-09-01 13:23:43'),
(17, 7, 'out', 20, '2025-09-01', 'terjual', 'online', NULL, '2025-09-01 13:25:54'),
(18, 8, 'out', 3, '2025-09-01', 'terjual', 'online', NULL, '2025-09-01 13:27:36'),
(19, 2, 'out', 4, '2025-09-01', 'terjual 2 online 2 offline', 'online dan offline', NULL, '2025-09-01 13:45:43'),
(20, 1, 'out', 2, '2025-09-01', 'terjual', 'online', NULL, '2025-09-01 13:47:15'),
(21, 10, 'out', 1, '2025-09-02', 'Offline', 'Toko Besi samping permata', NULL, '2025-09-02 04:13:22'),
(22, 7, 'out', 11, '2025-09-02', 'terjual', 'Online', NULL, '2025-09-03 00:39:15'),
(23, 8, 'out', 2, '2025-09-02', 'Terjual', 'Online', NULL, '2025-09-03 00:40:06'),
(24, 1, 'out', 2, '2025-09-02', 'terjual ', 'Online', NULL, '2025-09-03 00:42:32'),
(25, 2, 'out', 1, '2025-09-02', 'terjual ', 'Online', NULL, '2025-09-03 00:42:53'),
(26, 7, 'in', 1, '2025-09-03', 'Return', NULL, 'Kurir', '2025-09-03 06:53:18'),
(27, 7, 'out', 9, '2025-09-03', 'terjual', 'online', NULL, '2025-09-03 16:40:03'),
(28, 8, 'out', 2, '2025-09-03', 'terjual', 'terjual', NULL, '2025-09-03 16:40:27'),
(29, 1, 'out', 1, '2025-09-03', 'terjual', 'online', NULL, '2025-09-03 16:40:55'),
(30, 7, 'in', 38, '2025-09-04', 'Barang masuk dari gudang', NULL, 'Gudang', '2025-09-08 14:12:50'),
(31, 7, 'out', 11, '2025-09-04', 'Terjual', 'Online ', NULL, '2025-09-08 14:13:16'),
(33, 1, 'out', 1, '2025-09-04', 'Terjual', 'Online ', NULL, '2025-09-08 14:14:28'),
(34, 2, 'out', 1, '2025-09-04', 'Terjual', 'Online ', NULL, '2025-09-08 14:14:44'),
(35, 7, 'out', 11, '2025-09-05', 'terjual', 'Online ', NULL, '2025-09-08 14:16:01'),
(36, 8, 'out', 6, '2025-09-05', 'Terjual', 'Online ', NULL, '2025-09-08 14:16:46'),
(37, 7, 'out', 5, '2025-09-06', 'terjual', 'Online', NULL, '2025-09-08 14:20:50'),
(38, 8, 'out', 2, '2025-09-06', 'terjual', 'Online ', NULL, '2025-09-08 14:21:16'),
(39, 1, 'out', 1, '2025-09-06', 'terjual', 'Online', NULL, '2025-09-08 14:24:08'),
(40, 7, 'out', 13, '2025-09-08', 'terjual', 'Online ', NULL, '2025-09-08 14:27:55'),
(41, 8, 'out', 4, '2025-09-08', 'terjual', 'Online', NULL, '2025-09-08 14:47:10'),
(42, 1, 'out', 2, '2025-09-08', 'terjual', 'Online ', NULL, '2025-09-08 14:47:38'),
(43, 2, 'out', 3, '2025-09-08', 'terjual', 'Online', NULL, '2025-09-08 14:47:53'),
(44, 7, 'in', 2, '2025-09-08', 'Barang Double', NULL, 'Online', '2025-09-08 14:52:32'),
(45, 1, 'out', 1, '2025-09-08', 'Pindah ke botol baru 1', 'Gudang', NULL, '2025-09-08 14:52:56'),
(46, 7, 'in', 82, '2025-09-09', 'Barang masuk', NULL, 'Gudang', '2025-09-09 16:29:41'),
(47, 10, 'in', 24, '2025-09-09', 'Barang masuk', NULL, 'Gudang', '2025-09-09 16:30:50'),
(48, 8, 'in', 39, '2025-09-09', 'barang masuk ', NULL, 'Gudang', '2025-09-09 16:31:10'),
(49, 10, 'out', 2, '2025-09-09', 'Terpakai buat 1kg', 'Gudang', NULL, '2025-09-09 16:31:41'),
(50, 7, 'out', 4, '2025-09-09', 'terjual ', 'Online', NULL, '2025-09-09 16:33:10'),
(51, 8, 'out', 1, '2025-09-09', 'terjual ', 'Online ', NULL, '2025-09-09 16:33:30'),
(52, 10, 'out', 8, '2025-09-09', 'Pembelian Offline ', 'PT di Banten', NULL, '2025-09-09 16:34:42'),
(53, 7, 'out', 2, '2025-09-10', 'terjual', 'online', NULL, '2025-09-11 12:39:19'),
(54, 8, 'out', 1, '2025-09-10', 'terjual', 'online', NULL, '2025-09-11 12:39:36'),
(55, 2, 'out', 1, '2025-09-10', 'terjual', 'online', NULL, '2025-09-11 12:40:02'),
(56, 7, 'out', 15, '2025-09-11', 'terjual', 'online', NULL, '2025-09-11 12:43:08'),
(57, 8, 'out', 5, '2025-09-11', 'terjual', 'online', NULL, '2025-09-11 12:44:06'),
(58, 7, 'out', 20, '2025-09-11', 'terjual', 'offline', NULL, '2025-09-11 12:44:29'),
(59, 8, 'out', 5, '2025-09-11', 'terjual', 'offline', NULL, '2025-09-11 12:44:57'),
(60, 1, 'out', 2, '2025-09-11', 'terjual', 'online', NULL, '2025-09-11 12:46:00'),
(61, 2, 'out', 1, '2025-09-11', 'terjual', 'online', NULL, '2025-09-11 12:46:11'),
(62, 7, 'out', 5, '2025-09-12', 'terjual', 'online', NULL, '2025-09-13 05:59:26'),
(64, 8, 'out', 6, '2025-09-12', 'terjual', 'online', NULL, '2025-09-13 06:06:28'),
(65, 8, 'out', 6, '2025-09-12', 'terjual', 'online', NULL, '2025-09-13 06:06:52'),
(66, 8, 'out', 1, '2025-09-12', 'SAMLE 1 dan 5 setengah stengah', 'offline', NULL, '2025-09-13 06:13:13'),
(67, 7, 'in', 41, '2025-09-14', 'barang masuk', NULL, 'gudang', '2025-09-14 02:04:45'),
(68, 8, 'in', 60, '2025-09-14', 'barang masuk', NULL, 'gudang', '2025-09-14 02:05:04'),
(69, 7, 'out', 16, '2025-09-13', 'terjual', 'online', NULL, '2025-09-14 02:08:05'),
(70, 8, 'out', 5, '2025-09-13', 'terjual', 'online', NULL, '2025-09-14 02:09:48'),
(71, 7, 'in', 82, '2025-09-15', 'barang masuk baru', NULL, 'gudang', '2025-09-15 15:46:21'),
(72, 8, 'in', 85, '2025-09-15', 'barang masuk baru', NULL, 'gudang', '2025-09-15 15:46:43'),
(73, 7, 'out', 3, '2025-09-14', 'terjual', 'online', NULL, '2025-09-15 15:48:13'),
(74, 8, 'out', 4, '2025-09-14', 'terjual', 'online', NULL, '2025-09-15 15:48:42'),
(75, 2, 'out', 2, '2025-09-14', 'terjual', 'online', NULL, '2025-09-15 15:49:42'),
(76, 7, 'out', 4, '2025-09-15', 'terjual', 'online', NULL, '2025-09-15 15:50:25'),
(77, 8, 'out', 2, '2025-09-15', 'terjual', 'online', NULL, '2025-09-15 15:51:08'),
(78, 1, 'out', 1, '2025-09-15', 'terjual', 'online', NULL, '2025-09-15 15:51:24'),
(79, 7, 'out', 11, '2025-09-16', 'terjual', 'online', NULL, '2025-09-16 14:34:32'),
(80, 8, 'out', 5, '2025-09-16', 'terjual', 'online', NULL, '2025-09-16 14:36:09'),
(81, 1, 'out', 3, '2025-09-16', 'terjual', 'online', NULL, '2025-09-16 14:36:48'),
(82, 2, 'out', 2, '2025-09-16', 'terjual', 'online', NULL, '2025-09-16 14:36:57'),
(83, 7, 'out', 4, '2025-09-17', 'terjual', 'online', NULL, '2025-09-17 13:07:05'),
(84, 2, 'out', 1, '2025-09-17', 'terjual', 'online', NULL, '2025-09-17 13:07:17'),
(85, 7, 'in', 168, '2025-09-19', 'barang masuk', NULL, 'gudang', '2025-09-19 07:22:24'),
(86, 8, 'in', 63, '2025-09-19', 'barang masuk', NULL, 'gudang', '2025-09-19 07:22:46'),
(87, 10, 'in', 20, '2025-09-20', 'barang masuk', NULL, 'gudang', '2025-09-21 00:05:56'),
(88, 7, 'out', 4, '2025-09-18', 'terjual', 'online', NULL, '2025-09-21 00:07:31'),
(89, 8, 'out', 1, '2025-09-18', 'terjual', 'online', NULL, '2025-09-21 00:07:44'),
(90, 1, 'out', 1, '2025-09-18', 'terjual', 'online', NULL, '2025-09-21 00:08:19'),
(91, 7, 'out', 9, '2025-09-19', 'terjual', 'online', NULL, '2025-09-21 00:09:52'),
(92, 8, 'out', 3, '2025-09-19', 'terjual', 'online', NULL, '2025-09-21 00:10:18'),
(93, 1, 'out', 1, '2025-09-19', 'terjual', 'online', NULL, '2025-09-21 00:10:52'),
(94, 2, 'out', 1, '2025-09-19', 'terjual', 'online', NULL, '2025-09-21 00:11:10'),
(95, 7, 'out', 10, '2025-09-20', 'terjual', 'online', NULL, '2025-09-21 00:12:21'),
(96, 8, 'out', 5, '2025-09-20', 'terjual', 'online', NULL, '2025-09-21 00:13:22'),
(97, 1, 'out', 4, '2025-09-20', 'terjual', 'online', NULL, '2025-09-21 00:13:50'),
(98, 1, 'in', 17, '2025-09-20', 'barang masuk', NULL, 'gudang', '2025-09-21 00:16:12'),
(99, 7, 'out', 22, '2025-09-21', 'tterjual', 'online', NULL, '2025-09-23 15:20:59'),
(100, 8, 'out', 1, '2025-09-21', 'terjual', 'online', NULL, '2025-09-23 15:21:38'),
(101, 1, 'out', 5, '2025-09-21', 'terjual', 'online', NULL, '2025-09-23 15:22:50'),
(102, 7, 'out', 19, '2025-09-22', 'terjual', 'online', NULL, '2025-09-23 15:25:59'),
(103, 8, 'out', 9, '2025-09-22', 'terjual', 'online', NULL, '2025-09-23 15:28:04'),
(104, 1, 'out', 3, '2025-09-22', 'terjual', 'online', NULL, '2025-09-23 15:30:14'),
(105, 7, 'out', 6, '2025-09-23', 'terjual', 'online', NULL, '2025-09-23 15:31:38'),
(106, 8, 'out', 6, '2025-09-23', 'terjual', 'online ', NULL, '2025-09-25 12:52:21'),
(107, 7, 'out', 8, '2025-09-24', 'terjual', 'online ', NULL, '2025-09-25 12:54:43'),
(108, 8, 'out', 2, '2025-09-24', 'terjual', 'online ', NULL, '2025-09-25 12:55:00'),
(109, 1, 'out', 2, '2025-09-24', 'terjual', 'online ', NULL, '2025-09-25 13:31:36'),
(110, 7, 'out', 11, '2025-09-25', 'terjual', 'online ', NULL, '2025-09-25 13:33:01'),
(111, 8, 'out', 9, '2025-09-25', 'yang offline pt beli 7', 'online dan offline', NULL, '2025-09-25 13:33:36'),
(112, 1, 'in', 2, '2025-09-25', 'barang masuk', NULL, 'return', '2025-09-25 13:34:11'),
(113, 7, 'out', 12, '2025-09-26', 'terjual', 'online ', NULL, '2025-09-27 02:44:37'),
(114, 8, 'out', 11, '2025-09-26', 'yang offline 5 6 nya online', 'online dan offline', NULL, '2025-09-27 02:46:44'),
(115, 7, 'out', 10, '2025-09-27', 'terjual', 'online ', NULL, '2025-09-28 12:41:28'),
(116, 8, 'out', 4, '2025-09-27', 'terjual', 'online ', NULL, '2025-09-28 12:42:27'),
(117, 7, 'out', 10, '2025-09-28', 'terjual', 'online ', NULL, '2025-09-28 12:43:25'),
(118, 8, 'out', 3, '2025-09-28', 'terjual', 'online ', NULL, '2025-09-28 12:44:08'),
(119, 8, 'out', 22, '2025-09-30', 'terjual, 17 offline', 'online ', NULL, '2025-09-30 11:49:14'),
(120, 7, 'out', 9, '2025-09-29', 'terjual', 'online ', NULL, '2025-09-30 11:51:00'),
(121, 8, 'out', 4, '2025-09-29', 'terjual', 'online ', NULL, '2025-09-30 11:52:02'),
(122, 7, 'out', 13, '2025-09-30', 'terjual', 'online ', NULL, '2025-09-30 11:53:09'),
(123, 7, 'out', 19, '2025-10-01', 'terjual', 'online ', NULL, '2025-10-01 14:41:01'),
(124, 8, 'out', 3, '2025-10-01', 'terjual', 'online ', NULL, '2025-10-01 14:42:30'),
(125, 9, 'out', 1, '2025-10-01', 'terjual', 'online ', NULL, '2025-10-01 14:42:41'),
(126, 10, 'out', 3, '2025-10-01', 'terjual', 'offline', NULL, '2025-10-01 14:43:09'),
(127, 1, 'out', 2, '2025-10-01', 'terjual', 'online ', NULL, '2025-10-01 14:43:59'),
(128, 7, 'out', 12, '2025-10-02', 'terjual', 'online ', NULL, '2025-10-03 02:36:08'),
(129, 8, 'out', 9, '2025-10-02', 'terjual', 'online ', NULL, '2025-10-03 02:36:24'),
(130, 7, 'out', 14, '2025-10-03', 'terjual', 'online ', NULL, '2025-10-03 23:51:21'),
(131, 8, 'out', 2, '2025-10-03', 'terjual', 'online ', NULL, '2025-10-03 23:51:40'),
(132, 7, 'out', 11, '2025-10-04', 'terjual', 'online ', NULL, '2025-10-06 03:19:08'),
(133, 8, 'out', 2, '2025-10-04', 'terjual', 'online ', NULL, '2025-10-06 03:19:28'),
(134, 7, 'out', 6, '2025-10-05', 'terjual', 'online ', NULL, '2025-10-06 03:20:57'),
(135, 8, 'out', 7, '2025-10-05', 'terjual', 'online ', NULL, '2025-10-06 03:21:10'),
(136, 7, 'in', 2, '2025-10-03', 'Barang Return', NULL, 'Return ', '2025-10-06 08:52:55'),
(137, 8, 'out', 1, '2025-10-05', 'Terjual orang Kp.Tengah', 'Offline ', NULL, '2025-10-06 08:53:28'),
(138, 7, 'out', 6, '2025-10-06', 'terjual', 'online ', NULL, '2025-10-06 12:43:51'),
(139, 8, 'out', 2, '2025-10-06', 'terjual', 'online ', NULL, '2025-10-06 12:44:10'),
(140, 1, 'out', 4, '2025-10-06', 'terjual', 'online ', NULL, '2025-10-06 12:44:45'),
(141, 2, 'out', 1, '2025-10-06', 'terjual', 'online ', NULL, '2025-10-06 12:44:59'),
(142, 7, 'in', 1, '2025-10-07', 'Return ', NULL, 'Return ', '2025-10-07 22:12:55'),
(143, 7, 'out', 6, '2025-10-07', 'Terjual', 'Online', NULL, '2025-10-07 22:14:50'),
(144, 8, 'out', 2, '2025-10-07', 'Terjual ', 'Online', NULL, '2025-10-07 22:15:15'),
(146, 1, 'out', 2, '2025-10-07', 'Terjual', 'Online', NULL, '2025-10-07 22:21:59'),
(147, 2, 'out', 1, '2025-10-07', 'Terjual', 'Online', NULL, '2025-10-07 22:22:19'),
(148, 7, 'out', 5, '2025-10-08', 'terjual ', 'Online ', NULL, '2025-10-09 10:20:30'),
(149, 8, 'out', 7, '2025-10-08', 'terjual ', 'Online ', NULL, '2025-10-09 10:20:45'),
(150, 2, 'out', 1, '2025-10-08', 'terjual ', 'Online ', NULL, '2025-10-09 10:21:14'),
(151, 7, 'out', 6, '2025-10-09', 'terjual ', 'Online ', NULL, '2025-10-09 10:22:02'),
(152, 8, 'out', 4, '2025-10-09', 'terjual ', 'Online ', NULL, '2025-10-09 10:22:12'),
(153, 8, 'in', 8, '2025-10-09', 'return jnt 5, cargo 3', NULL, 'Return ', '2025-10-09 10:22:55'),
(154, 7, 'in', 4, '2025-10-09', 'return jnt', NULL, 'Return ', '2025-10-09 10:23:29'),
(155, 7, 'out', 11, '2025-10-10', 'terjual', 'online ', NULL, '2025-10-13 04:32:52'),
(156, 8, 'out', 6, '2025-10-10', 'terjual', 'online ', NULL, '2025-10-13 04:33:07'),
(157, 7, 'out', 6, '2025-10-11', 'terjual', 'online ', NULL, '2025-10-13 04:34:18'),
(158, 8, 'out', 2, '2025-10-11', 'terjual', 'online ', NULL, '2025-10-13 04:34:34'),
(159, 7, 'out', 1, '2025-10-12', 'terjual', 'online ', NULL, '2025-10-13 04:35:30'),
(160, 8, 'out', 3, '2025-10-12', 'terjual', 'online ', NULL, '2025-10-13 04:35:49'),
(161, 7, 'out', 5, '2025-10-13', 'terjual', 'online ', NULL, '2025-10-14 14:08:41'),
(162, 8, 'out', 2, '2025-10-13', 'terjual', 'online ', NULL, '2025-10-14 14:08:59'),
(163, 2, 'out', 2, '2025-10-13', 'terjual', 'online ', NULL, '2025-10-14 14:10:13'),
(164, 7, 'out', 6, '2025-10-14', 'terjual', 'online ', NULL, '2025-10-14 14:12:00'),
(165, 8, 'out', 11, '2025-10-14', 'terjual', 'online ', NULL, '2025-10-14 14:12:52'),
(166, 1, 'out', 2, '2025-10-14', 'terjual', 'online ', NULL, '2025-10-14 14:13:28'),
(167, 1, 'in', 5, '2025-10-15', 'tumpahan dari 5kg', NULL, 'dari 5kg', '2025-10-15 14:30:23'),
(168, 8, 'out', 1, '2025-10-15', 'numpahiin ke 1kg', 'numpahin ke 1kg', NULL, '2025-10-15 14:31:16'),
(169, 7, 'out', 5, '2025-10-15', 'terjual', 'online ', NULL, '2025-10-15 14:33:23'),
(170, 8, 'out', 2, '2025-10-15', 'terjual', 'online ', NULL, '2025-10-15 14:33:37'),
(171, 1, 'out', 3, '2025-10-15', 'terjual', 'online ', NULL, '2025-10-15 14:34:16'),
(172, 2, 'out', 3, '2025-10-15', 'terjual', 'online ', NULL, '2025-10-15 14:34:33'),
(173, 7, 'out', 6, '2025-10-16', 'terjual', 'online ', NULL, '2025-10-16 23:33:01'),
(174, 8, 'out', 1, '2025-10-16', 'terjual', 'online ', NULL, '2025-10-16 23:33:13'),
(175, 1, 'out', 1, '2025-10-16', 'terjual', 'online ', NULL, '2025-10-16 23:33:39'),
(176, 2, 'out', 2, '2025-10-16', 'terjual', 'online ', NULL, '2025-10-16 23:33:51'),
(177, 7, 'out', 2, '2025-10-17', 'terjual', 'online ', NULL, '2025-10-19 13:29:14'),
(178, 8, 'out', 5, '2025-10-17', 'terjual', 'online ', NULL, '2025-10-19 13:29:32'),
(179, 1, 'in', 1, '2025-10-18', '', NULL, 'dari 1kg baru', '2025-10-19 13:30:49'),
(180, 1, 'in', 5, '2025-10-18', '', NULL, 'dari 5kg', '2025-10-19 13:31:12'),
(181, 1, 'out', 2, '2025-10-17', 'terjual', 'online ', NULL, '2025-10-19 13:31:42'),
(182, 7, 'out', 4, '2025-10-18', 'terjual', 'online ', NULL, '2025-10-19 13:33:27'),
(183, 8, 'out', 1, '2025-10-18', 'terjual', 'online ', NULL, '2025-10-19 13:33:42'),
(184, 1, 'out', 1, '2025-10-18', 'terjual', 'online ', NULL, '2025-10-19 13:34:14'),
(185, 2, 'out', 3, '2025-10-18', 'terjual', 'online ', NULL, '2025-10-19 13:34:40'),
(186, 7, 'out', 3, '2025-10-19', 'terjual', 'online ', NULL, '2025-10-19 13:53:29'),
(187, 8, 'out', 2, '2025-10-19', 'terjual', 'online ', NULL, '2025-10-19 13:53:42'),
(188, 2, 'out', 1, '2025-10-19', 'terjual', 'online ', NULL, '2025-10-19 13:53:57'),
(189, 7, 'out', 9, '2025-10-20', 'terjual', 'online ', NULL, '2025-10-20 11:34:08'),
(190, 8, 'out', 2, '2025-10-20', 'terjual', 'online ', NULL, '2025-10-20 11:34:56'),
(191, 1, 'out', 2, '2025-10-20', 'terjual', 'online ', NULL, '2025-10-20 11:35:32'),
(192, 2, 'out', 2, '2025-10-20', 'terjual', 'online ', NULL, '2025-10-20 11:35:49'),
(193, 7, 'in', 7, '2025-10-21', 'Stok yang lupa kehitung', NULL, 'Internal', '2025-10-21 07:02:44'),
(194, 7, 'out', 4, '2025-10-21', 'terjual', 'Online ', NULL, '2025-10-22 00:37:09'),
(195, 8, 'out', 4, '2025-10-21', 'terjual', 'Online ', NULL, '2025-10-22 00:37:23'),
(196, 1, 'out', 1, '2025-10-21', 'terjual ', 'Online ', NULL, '2025-10-22 00:43:23'),
(197, 10, 'out', 10, '2025-10-22', 'Kirim ke Papua ', 'Offline ', NULL, '2025-10-22 07:28:15'),
(198, 7, 'in', 5, '2025-10-22', '', NULL, 'dari 5kg', '2025-10-22 14:51:23'),
(199, 1, 'in', 5, '2025-10-20', '', NULL, 'dari 5kg', '2025-10-22 14:52:15'),
(200, 7, 'out', 14, '2025-10-22', 'terjual', 'online ', NULL, '2025-10-22 14:54:55'),
(201, 8, 'out', 1, '2025-10-22', 'terjual', 'online ', NULL, '2025-10-22 14:55:40'),
(202, 1, 'out', 2, '2025-10-22', 'terjual', 'online ', NULL, '2025-10-22 14:58:01'),
(203, 8, 'out', 3, '2025-10-22', 'numpahin ke 1kg', 'numpahin ke 1kg', NULL, '2025-10-22 14:59:38'),
(204, 7, 'in', 26, '2025-10-23', '', NULL, 'dari 5kg dan 20kg', '2025-10-23 12:41:58'),
(205, 9, 'out', 1, '2025-10-23', '', 'numpahin ke 1kg', NULL, '2025-10-23 12:42:25'),
(206, 8, 'out', 1, '2025-10-23', '', 'numpahin ke 1kg', NULL, '2025-10-23 12:42:37'),
(207, 7, 'out', 27, '2025-10-23', 'terjual', 'online ', NULL, '2025-10-23 12:46:23'),
(208, 8, 'out', 12, '2025-10-23', 'terjual', 'online ', NULL, '2025-10-23 12:46:59'),
(209, 1, 'out', 3, '2025-10-23', '1 offline', 'online dan offline', NULL, '2025-10-23 12:48:52'),
(210, 1, 'out', 1, '2025-10-23', '', 'numpahin ke 1kg baru', NULL, '2025-10-23 12:49:19'),
(211, 2, 'out', 1, '2025-10-23', 'terjual', 'online ', NULL, '2025-10-23 13:34:42'),
(213, 7, 'in', 28, '2025-10-24', '', NULL, 'dari 25kg', '2025-10-24 15:01:29'),
(214, 10, 'out', 1, '2025-10-24', '', 'numpahin ke 1kg', NULL, '2025-10-24 15:04:51'),
(215, 7, 'out', 26, '2025-10-24', 'terjual', 'online ', NULL, '2025-10-24 15:07:55'),
(216, 8, 'out', 8, '2025-10-24', 'terjual', 'online ', NULL, '2025-10-24 15:08:17'),
(217, 2, 'out', 1, '2025-10-24', 'terjual', 'online ', NULL, '2025-10-24 15:08:30'),
(218, 8, 'out', 10, '2025-10-25', 'terjual', 'online ', NULL, '2025-10-26 03:41:55'),
(220, 1, 'in', 6, '2025-10-25', 'terjual', NULL, 'dari 5kg', '2025-10-26 03:50:53'),
(221, 1, 'out', 3, '2025-10-25', 'terjual', 'online ', NULL, '2025-10-26 03:51:52'),
(222, 7, 'in', 116, '2025-10-25', 'ngeracik', NULL, 'barang baru masuk', '2025-10-26 03:54:04'),
(223, 7, 'in', 25, '2025-10-25', 'masuk', NULL, 'dari 25kg', '2025-10-26 03:54:55'),
(224, 7, 'out', 22, '2025-10-25', 'terjual', 'online ', NULL, '2025-10-26 03:55:17'),
(225, 10, 'out', 1, '2025-10-26', 'terjual', 'offline', NULL, '2025-10-27 02:37:13'),
(226, 8, 'out', 1, '2025-10-26', 'terjual', 'offline', NULL, '2025-10-27 02:37:39'),
(227, 8, 'in', 100, '2025-10-25', 'barang masuk', NULL, 'barang baru masuk', '2025-10-27 02:38:42'),
(228, 1, 'in', 10, '2025-10-27', 'masuk', NULL, 'barang baru masuk', '2025-10-27 14:41:28'),
(229, 2, 'in', 2, '2025-10-27', 'barang retrun spx', NULL, 'return', '2025-10-27 14:43:02'),
(230, 7, 'out', 42, '2025-10-27', 'terjual', 'online ', NULL, '2025-10-27 14:49:27'),
(231, 8, 'out', 20, '2025-10-27', 'terjual', 'online ', NULL, '2025-10-27 14:49:51'),
(232, 10, 'out', 1, '2025-10-27', 'terjual', 'offline', NULL, '2025-10-27 14:50:12'),
(233, 1, 'out', 1, '2025-10-27', 'terjual', 'online ', NULL, '2025-10-27 15:15:23'),
(234, 7, 'in', 1, '2025-10-28', 'return', NULL, 'return', '2025-10-28 13:42:37'),
(235, 7, 'out', 26, '2025-10-28', 'terjual', 'online ', NULL, '2025-10-28 13:45:49'),
(236, 8, 'out', 8, '2025-10-28', 'terjual', 'online ', NULL, '2025-10-28 13:49:15'),
(237, 1, 'out', 1, '2025-10-28', 'terjual', 'online ', NULL, '2025-10-28 13:51:29'),
(238, 2, 'out', 1, '2025-10-28', 'terjual', 'online ', NULL, '2025-10-28 13:51:52'),
(239, 7, 'in', 27, '2025-10-29', 'masuk', NULL, 'barang baru masuk', '2025-10-29 06:59:08'),
(240, 7, 'out', 20, '2025-10-29', 'terjual', 'online ', NULL, '2025-10-30 00:23:45'),
(241, 8, 'out', 7, '2025-10-29', 'terjual', 'online ', NULL, '2025-10-30 00:24:47'),
(242, 1, 'out', 2, '2025-10-29', 'terjual', 'online ', NULL, '2025-10-30 00:25:19'),
(243, 7, 'out', 21, '2025-10-30', 'terjual ', 'Online ', NULL, '2025-10-30 15:33:07'),
(244, 8, 'out', 11, '2025-10-30', 'terjual ', 'Online ', NULL, '2025-10-30 15:33:24'),
(245, 1, 'out', 4, '2025-10-30', 'terjual ', 'Online ', NULL, '2025-10-30 15:33:59'),
(246, 7, 'in', 70, '2025-10-31', 'masuk', NULL, 'barang baru masuk', '2025-10-31 13:03:55'),
(247, 7, 'out', 27, '2025-10-31', 'terjual', 'online ', NULL, '2025-10-31 13:07:32'),
(248, 8, 'out', 11, '2025-10-31', 'terjual', 'online 9 dan offline 2', NULL, '2025-10-31 13:07:59'),
(249, 7, 'in', 1, '2025-11-01', 'return', NULL, 'return', '2025-11-02 14:58:22'),
(250, 7, 'out', 32, '2025-11-01', 'terjual', 'online ', NULL, '2025-11-02 15:03:38'),
(251, 8, 'out', 5, '2025-11-01', 'terjual', 'online ', NULL, '2025-11-02 15:03:55'),
(252, 7, 'out', 1, '2025-11-01', 'kakanya a topet', 'offline', NULL, '2025-11-02 15:06:32'),
(253, 7, 'out', 10, '2025-11-01', 'terjual malang', 'offline', NULL, '2025-11-02 15:07:37'),
(254, 8, 'out', 6, '2025-11-01', 'terjual malang', 'offline', NULL, '2025-11-02 15:08:11'),
(255, 7, 'in', 1, '2025-11-01', 'yang bocor gamasuk hitungan', NULL, 'masuk', '2025-11-02 15:09:27'),
(256, 7, 'in', 25, '2025-11-03', '', NULL, 'tumpahan dari 5kg', '2025-11-03 14:49:55'),
(257, 2, 'in', 1, '2025-11-03', 'return', NULL, 'return', '2025-11-03 14:50:28'),
(258, 8, 'out', 4, '2025-11-03', '', 'numpahin ke 1kg', NULL, '2025-11-03 14:51:27'),
(259, 8, 'out', 14, '2025-11-03', 'terjual', 'online ', NULL, '2025-11-03 14:56:15'),
(260, 7, 'out', 50, '2025-11-03', 'terjual', 'online ', NULL, '2025-11-03 15:06:28'),
(261, 2, 'out', 2, '2025-11-03', 'terjual', 'online ', NULL, '2025-11-03 15:28:58'),
(262, 8, 'in', 1, '2025-11-04', 'return cargo', NULL, 'return', '2025-11-05 01:46:56'),
(263, 7, 'in', 78, '2025-11-04', 'barang masuk', NULL, 'barang baru masuk', '2025-11-05 01:47:44'),
(264, 8, 'in', 100, '2025-11-04', 'masuk dari gudang', NULL, 'barang baru masuk', '2025-11-05 01:48:03'),
(265, 7, 'out', 19, '2025-11-04', 'terjual', 'online ', NULL, '2025-11-05 01:50:48'),
(266, 8, 'out', 9, '2025-11-04', 'terjual', 'online ', NULL, '2025-11-05 01:51:05'),
(267, 8, 'in', 1, '2025-11-04', 'return cargo', NULL, 'Return ', '2025-11-05 07:53:17'),
(268, 10, 'out', 2, '2025-11-05', 'terjual', 'Offline ', NULL, '2025-11-05 14:24:39'),
(269, 7, 'out', 23, '2025-11-05', 'terjual ', 'Online ', NULL, '2025-11-05 14:29:18'),
(270, 8, 'out', 6, '2025-11-05', 'terjual', 'Online ', NULL, '2025-11-05 14:31:01'),
(271, 3, 'out', 2, '2025-11-04', 'terjual ', 'Online ', NULL, '2025-11-06 14:31:25'),
(272, 7, 'out', 18, '2025-11-06', 'terjual ', 'Online ', NULL, '2025-11-06 14:33:10'),
(273, 8, 'out', 4, '2025-11-06', 'terjual ', 'Online ', NULL, '2025-11-06 14:33:25'),
(274, 8, 'out', 1, '2025-11-07', 'bocor jadii ditumpahin', 'Internal', NULL, '2025-11-07 13:51:40'),
(275, 7, 'out', 14, '2025-11-07', 'terjual', 'online ', NULL, '2025-11-07 13:53:43'),
(276, 8, 'out', 4, '2025-11-07', 'terjual', 'online ', NULL, '2025-11-07 13:53:55'),
(277, 7, 'in', 240, '2025-11-08', 'Barang masuk', NULL, 'barang baru masuk', '2025-11-09 14:03:41'),
(278, 7, 'out', 11, '2025-11-08', 'terjual', 'online', NULL, '2025-11-09 14:05:39'),
(279, 8, 'out', 4, '2025-11-08', 'terjual', 'online ', NULL, '2025-11-09 14:05:52'),
(280, 1, 'out', 1, '2025-11-08', 'terjual', 'online', NULL, '2025-11-09 14:06:23'),
(281, 7, 'out', 13, '2025-11-09', 'terjual', 'online ', NULL, '2025-11-09 14:07:16'),
(282, 8, 'out', 1, '2025-11-09', 'terjual', 'online ', NULL, '2025-11-09 14:07:30'),
(283, 2, 'out', 1, '2025-11-09', 'terjual', 'online ', NULL, '2025-11-09 14:07:40'),
(284, 7, 'in', 6, '2025-11-09', 'return JNT', NULL, 'return', '2025-11-10 13:40:58'),
(285, 7, 'out', 15, '2025-11-10', 'terjual', 'online ', NULL, '2025-11-10 13:43:55'),
(286, 8, 'out', 8, '2025-11-10', 'terjual', 'online ', NULL, '2025-11-10 13:44:15'),
(287, 7, 'out', 16, '2025-11-11', 'terjual', 'online ', NULL, '2025-11-12 12:58:07'),
(288, 8, 'out', 1, '2025-11-11', 'terjual', 'online ', NULL, '2025-11-12 12:58:23'),
(289, 1, 'out', 3, '2025-11-11', 'terjual', 'online ', NULL, '2025-11-12 13:09:22'),
(290, 1, 'out', 1, '2025-11-06', 'terjual', 'online ', NULL, '2025-11-12 13:11:18'),
(291, 2, 'out', 1, '2025-11-06', 'terjual', 'online ', NULL, '2025-11-12 13:11:41'),
(292, 7, 'out', 18, '2025-11-12', 'terjuall', 'online ', NULL, '2025-11-12 13:29:23'),
(293, 8, 'out', 3, '2025-11-12', 'terjual', 'online ', NULL, '2025-11-12 13:30:01'),
(294, 7, 'out', 13, '2025-11-13', 'Terjual ', 'Online', NULL, '2025-11-13 12:57:41'),
(295, 8, 'out', 9, '2025-11-13', 'terjual ', 'Online ', NULL, '2025-11-13 12:57:59'),
(296, 7, 'out', 19, '2025-11-14', 'terjual', 'Online ', NULL, '2025-11-14 14:15:01'),
(297, 8, 'out', 15, '2025-11-14', 'terjual', 'Online ', NULL, '2025-11-14 14:15:13'),
(298, 7, 'out', 19, '2025-11-15', 'terjual', 'online', NULL, '2025-11-16 11:56:13'),
(299, 8, 'out', 5, '2025-11-15', 'terjual', 'online', NULL, '2025-11-16 11:56:34'),
(300, 1, 'in', 17, '2025-11-14', 'barang masuk', NULL, 'masuk dari gudang', '2025-11-16 12:01:13'),
(301, 1, 'out', 1, '2025-11-15', 'terjual', 'online', NULL, '2025-11-16 12:01:32'),
(302, 7, 'out', 40, '2025-11-17', 'terjual', 'online ', NULL, '2025-11-17 13:37:53'),
(303, 8, 'out', 14, '2025-11-17', 'terjual', 'online ', NULL, '2025-11-17 13:38:16'),
(304, 7, 'in', 10, '2025-11-17', 'masuk', NULL, 'dari 5kg', '2025-11-20 02:09:40'),
(305, 8, 'out', 2, '2025-11-17', 'pengurangan', 'numpahin ke 1kg', NULL, '2025-11-20 02:10:23'),
(306, 7, 'in', 1, '2025-11-19', 'return', NULL, 'return', '2025-11-20 02:11:00'),
(307, 7, 'out', 29, '2025-11-18', 'terjual', 'online ', NULL, '2025-11-20 02:14:30'),
(308, 8, 'out', 7, '2025-11-18', 'terjual', 'online ', NULL, '2025-11-20 02:14:49'),
(309, 7, 'out', 27, '2025-11-19', 'terjual', 'online ', NULL, '2025-11-20 02:28:12'),
(310, 8, 'out', 9, '2025-11-20', 'terjual', 'online', NULL, '2025-11-20 02:28:29'),
(311, 1, 'out', 1, '2025-11-18', 'terjual', 'online ', NULL, '2025-11-20 02:31:08'),
(312, 10, 'out', 2, '2025-11-18', 'Terjual, ASPAL LAMA tapi pake ASPAL BARU', 'online ', NULL, '2025-11-20 02:32:10'),
(313, 8, 'out', 16, '2025-11-20', 'terjual', 'online ', NULL, '2025-11-20 13:23:33'),
(314, 7, 'out', 41, '2025-11-20', 'terjual', 'online ', NULL, '2025-11-20 13:23:48'),
(315, 7, 'out', 4, '2025-11-21', 'Dimasukan ke tong', 'Untuk 1kg', NULL, '2025-11-21 02:09:39'),
(316, 7, 'in', 94, '2025-11-21', 'masuk barang', NULL, 'masuk dari gudang', '2025-11-21 14:16:32'),
(317, 7, 'out', 28, '2025-11-21', 'terjual', 'Online', NULL, '2025-11-21 14:21:44'),
(318, 1, 'out', 1, '2025-11-21', 'terjual', 'Online', NULL, '2025-11-21 14:21:57'),
(319, 8, 'out', 14, '2025-11-21', 'terjual', 'Online', NULL, '2025-11-21 14:22:28'),
(320, 8, 'out', 7, '2025-11-21', 'Dimasukin ke ember buat 1kg', 'Untuk 1kg', NULL, '2025-11-21 14:23:04'),
(321, 7, 'out', 12, '2025-11-21', 'Terjual Instant', 'Online', NULL, '2025-11-21 14:24:13'),
(322, 10, 'out', 6, '2025-11-21', 'tumpahin untuk 1kg', 'Untuk 1kg', NULL, '2025-11-22 13:04:47'),
(323, 7, 'in', 152, '2025-11-22', 'Barang masuk', NULL, 'barang baru masuk', '2025-11-22 13:05:15'),
(324, 8, 'in', 122, '2025-11-22', 'Barang masuk baru', NULL, 'barang baru masuk', '2025-11-22 13:05:36'),
(325, 7, 'out', 24, '2025-11-22', 'terjual', 'Online', NULL, '2025-11-22 13:06:10'),
(326, 8, 'out', 14, '2025-11-22', 'terjual', 'Online', NULL, '2025-11-22 13:06:32'),
(327, 8, 'in', 3, '2025-11-21', 'Return Cargo', NULL, 'Return Cargo', '2025-11-24 06:23:33'),
(328, 7, 'out', 85, '2025-11-24', 'terjual', 'Online', NULL, '2025-11-24 15:55:40'),
(329, 8, 'out', 36, '2025-11-24', 'terjual', 'Online', NULL, '2025-11-24 15:56:12'),
(330, 2, 'out', 2, '2025-11-23', 'terjual', 'Online', NULL, '2025-11-24 15:56:29'),
(331, 7, 'out', 25, '2025-11-25', 'terjual', 'Online', NULL, '2025-11-25 14:20:57'),
(332, 9, 'out', 1, '2025-11-25', 'terjual', 'Online', NULL, '2025-11-25 14:21:14'),
(333, 8, 'out', 2, '2025-11-25', 'terjual', 'Offline', NULL, '2025-11-25 14:21:42'),
(334, 8, 'out', 12, '2025-11-25', 'terjual', 'Online', NULL, '2025-11-25 14:23:23'),
(335, 7, 'out', 3, '2025-11-26', 'Barang pengganti yang belom dibalikin', 'Untuk 1kg', NULL, '2025-11-26 13:29:58'),
(336, 10, 'out', 6, '2025-11-26', 'Untuk ke 1kg', 'Untuk 1kg', NULL, '2025-11-26 13:31:55'),
(337, 8, 'out', 4, '2025-11-26', 'Barang Bocor', 'Untuk 5kg', NULL, '2025-11-26 13:46:38'),
(338, 8, 'in', 20, '2025-11-26', 'Barang masuk dari gudang', NULL, 'masuk dari gudang', '2025-11-26 13:47:15'),
(339, 7, 'out', 46, '2025-11-26', 'Terjual, 2 Offline masuk yang 150 bali', 'Online', NULL, '2025-11-26 13:53:17'),
(340, 7, 'in', 150, '2025-11-26', 'Barang Masuk', NULL, 'masuk dari gudang', '2025-11-26 13:55:15'),
(341, 7, 'out', 150, '2025-11-26', 'Terjual Bali', 'Offline', NULL, '2025-11-26 13:55:36'),
(342, 8, 'out', 60, '2025-11-26', 'Terjual Bali', 'Offline', NULL, '2025-11-26 13:56:06'),
(343, 8, 'out', 19, '2025-11-26', 'Terjual', 'Online', NULL, '2025-11-26 13:56:23'),
(344, 9, 'out', 1, '2025-11-26', 'Terjual', 'Offline', NULL, '2025-11-26 13:56:42'),
(345, 8, 'in', 2, '2025-11-26', 'return cargo', NULL, 'return', '2025-11-27 14:04:17'),
(346, 7, 'out', 25, '2025-11-27', 'terjual', 'Online', NULL, '2025-11-27 14:07:54'),
(347, 8, 'in', 17, '2025-11-27', 'barang masuk', NULL, 'barang baru masuk', '2025-11-27 14:10:07'),
(348, 8, 'out', 13, '2025-11-27', 'terjual', 'Online', NULL, '2025-11-27 14:10:33'),
(349, 7, 'in', 57, '2025-11-28', 'Barang baru masuk', NULL, 'barang baru masuk', '2025-11-28 13:20:19'),
(350, 8, 'in', 68, '2025-11-28', 'Barang Baru masuk', NULL, 'barang baru masuk', '2025-11-28 13:20:39'),
(351, 8, 'in', 1, '2025-11-28', 'return cargo', NULL, 'return', '2025-11-28 13:21:08'),
(352, 8, 'out', 12, '2025-11-28', 'terjual', 'Online', NULL, '2025-11-28 13:21:21'),
(353, 7, 'out', 38, '2025-11-28', 'terjual', 'Online', NULL, '2025-11-28 13:26:14'),
(354, 7, 'in', 14, '2025-11-29', 'barang baru masuk', NULL, 'barang baru masuk', '2025-11-29 12:49:54'),
(355, 7, 'out', 41, '2025-11-29', 'terjual', 'Online', NULL, '2025-11-29 12:56:32'),
(356, 8, 'out', 11, '2025-11-29', 'terjual', 'Online', NULL, '2025-11-29 12:58:11'),
(357, 7, 'in', 77, '2025-12-01', 'barang baru masuk', NULL, 'barang baru masuk', '2025-12-01 15:06:42'),
(358, 7, 'out', 77, '2025-12-01', 'terjual', 'Online', NULL, '2025-12-01 15:07:56'),
(359, 8, 'out', 30, '2025-12-01', 'terjual', 'Online', NULL, '2025-12-01 15:08:10'),
(360, 9, 'out', 1, '2025-12-01', 'terjual', 'Online', NULL, '2025-12-01 15:08:20'),
(361, 7, 'in', 73, '2025-12-02', 'Barang Masuk', NULL, 'Gudang', '2025-12-03 03:01:58'),
(362, 8, 'in', 34, '2025-12-02', 'Barang masuk', NULL, 'Gudang', '2025-12-03 03:03:53'),
(363, 7, 'out', 61, '2025-12-02', 'Terjual', 'Online', NULL, '2025-12-03 03:04:49'),
(364, 8, 'out', 14, '2025-12-02', 'Terjual', 'Online', NULL, '2025-12-03 03:05:14'),
(365, 7, 'out', 3, '2025-12-01', 'Dituang Karena Bocor ', 'Untuk 1kg', NULL, '2025-12-03 03:06:16'),
(367, 7, 'in', 33, '2025-12-03', 'Barang Masuk Baru', NULL, 'barang baru masuk', '2025-12-03 16:09:23'),
(368, 7, 'out', 28, '2025-12-03', 'terjual', 'Online', NULL, '2025-12-03 16:10:14'),
(369, 8, 'out', 12, '2025-12-03', 'terjual', 'Online', NULL, '2025-12-03 16:10:28'),
(370, 9, 'out', 1, '2025-12-03', 'Terjual', 'Online', NULL, '2025-12-03 16:10:42'),
(371, 1, 'out', 2, '2025-12-03', 'Terjual', 'Online', NULL, '2025-12-03 16:10:55'),
(372, 6, 'out', 1, '2025-12-03', 'Terjual', 'Online', NULL, '2025-12-03 16:11:08'),
(373, 7, 'in', 42, '2025-12-04', 'Barang baru masuk', NULL, 'barang baru masuk', '2025-12-04 13:23:04'),
(374, 7, 'out', 53, '2025-12-04', 'terjual', 'Online', NULL, '2025-12-04 13:25:54'),
(375, 8, 'out', 9, '2025-12-04', 'terjual', 'Online', NULL, '2025-12-04 13:51:19'),
(376, 8, 'in', 3, '2025-12-04', 'barang yang lupa tercatat\n', NULL, 'barang baru masuk', '2025-12-04 13:53:17'),
(377, 7, 'in', 51, '2025-12-05', 'Barang masuk baru', NULL, 'barang baru masuk', '2025-12-06 02:05:41'),
(378, 7, 'out', 44, '2025-12-05', 'terjual', 'Online', NULL, '2025-12-06 02:06:17'),
(379, 8, 'in', 3, '2025-12-05', 'barang baru masuk', NULL, 'barang baru masuk', '2025-12-06 02:07:39'),
(380, 8, 'out', 15, '2025-12-05', 'terjual', 'Online', NULL, '2025-12-06 02:08:03'),
(381, 8, 'in', 1, '2025-12-05', 'barng masuk, jadi 4 yang masuk', NULL, 'barang baru masuk', '2025-12-06 02:09:02'),
(382, 7, 'in', 53, '2025-12-06', 'barang masuk\n', NULL, 'barang baru masuk', '2025-12-08 15:31:17'),
(383, 8, 'in', 10, '2025-12-06', 'barang masuk', NULL, 'barang baru masuk', '2025-12-08 15:32:05'),
(384, 8, 'in', 1, '2025-12-06', 'return cargo', NULL, 'return', '2025-12-08 15:32:24'),
(385, 8, 'in', 1, '2025-12-08', 'return cargo', NULL, 'return', '2025-12-08 15:32:39'),
(386, 7, 'out', 66, '2025-12-06', 'terjual', 'Online', NULL, '2025-12-08 15:33:02'),
(387, 8, 'out', 23, '2025-12-06', 'terjual', 'Online', NULL, '2025-12-08 15:33:34'),
(388, 8, 'in', 1, '2025-12-06', 'barang masuk', NULL, 'barang baru masuk', '2025-12-08 15:34:07'),
(389, 8, 'out', 1, '2025-12-08', 'hj heru beli', 'Offline', NULL, '2025-12-08 15:34:52'),
(390, 7, 'in', 123, '2025-12-07', 'barang baru masuk', NULL, 'barang baru masuk', '2025-12-08 15:43:12'),
(391, 8, 'in', 52, '2025-12-07', 'barng baru masuk', NULL, 'barang baru masuk', '2025-12-08 15:43:48'),
(392, 7, 'out', 106, '2025-12-08', 'terjual', 'Online', NULL, '2025-12-08 15:44:21'),
(393, 8, 'in', 3, '2025-12-08', 'baru masuk', NULL, 'barang baru masuk', '2025-12-08 15:49:08'),
(394, 8, 'out', 54, '2025-12-08', 'terjual', 'Online', NULL, '2025-12-08 15:50:23'),
(395, 7, 'in', 63, '2025-12-09', 'barang baru masuk', NULL, 'barang baru masuk', '2025-12-09 14:06:51'),
(396, 8, 'in', 31, '2025-12-09', 'barang baru masuk', NULL, 'barang baru masuk', '2025-12-09 14:07:43'),
(397, 7, 'out', 78, '2025-12-09', 'terjual', 'Online', NULL, '2025-12-09 14:07:56'),
(398, 8, 'out', 34, '2025-12-09', 'terjual', 'Online', NULL, '2025-12-09 14:08:19'),
(399, 7, 'in', 4, '2025-12-10', 'nambah buat 1kg 5', NULL, 'gudang', '2025-12-12 02:43:19'),
(400, 7, 'in', 65, '2025-12-10', 'Barang masuk\n', NULL, 'gudang', '2025-12-12 02:50:49'),
(401, 8, 'in', 23, '2025-12-10', 'Barang masuk', NULL, 'Gudang', '2025-12-12 02:52:28'),
(402, 7, 'out', 71, '2025-12-10', 'terjual', 'Online', NULL, '2025-12-12 02:53:12'),
(403, 8, 'out', 23, '2025-12-10', 'terjual', 'Online', NULL, '2025-12-12 02:53:26'),
(404, 7, 'in', 61, '2025-12-11', 'Masuk barang baru', NULL, 'Gudang', '2025-12-12 03:36:21'),
(405, 8, 'in', 34, '2025-12-11', 'Barang masuk', NULL, 'Gudang', '2025-12-12 03:37:51'),
(406, 8, 'in', 1, '2025-12-11', 'return jnt cargo', NULL, 'return', '2025-12-12 03:38:57'),
(407, 7, 'out', 46, '2025-12-11', 'terjual', 'Online', NULL, '2025-12-12 03:39:19'),
(408, 1, 'out', 1, '2025-12-11', 'terjual', 'Online', NULL, '2025-12-12 03:39:31'),
(409, 8, 'out', 33, '2025-12-11', 'terjual', 'Online', NULL, '2025-12-12 03:39:49'),
(410, 7, 'out', 1, '2025-12-11', 'ngeganti aspal yang belom jalan 1kg\n', 'Online', NULL, '2025-12-12 03:43:03'),
(411, 7, 'in', 53, '2025-12-12', 'barng baru masuk', NULL, 'gudang', '2025-12-12 13:39:32'),
(412, 7, 'out', 25, '2025-12-12', 'terjual', 'Online', NULL, '2025-12-12 13:39:59'),
(413, 8, 'in', 16, '2025-12-12', 'barang baru masuk', NULL, 'Gudang', '2025-12-12 13:40:43'),
(414, 8, 'out', 18, '2025-12-12', 'terjual', 'Online', NULL, '2025-12-12 13:41:15'),
(415, 7, 'out', 38, '2025-12-13', 'terjual', 'Online', NULL, '2025-12-14 14:39:08'),
(416, 8, 'in', 17, '2025-12-13', 'barang masuk', NULL, 'gudang', '2025-12-14 14:40:08'),
(417, 8, 'out', 17, '2025-12-13', 'terjual', 'Online', NULL, '2025-12-14 14:40:52'),
(418, 9, 'out', 2, '2025-12-13', 'terjual', 'Online', NULL, '2025-12-14 14:41:05'),
(419, 9, 'in', 2, '2025-12-13', 'barnag masuk', NULL, 'Gudang', '2025-12-14 14:41:27'),
(420, 9, 'in', 2, '2025-12-13', 'barnag masuk', NULL, 'Gudang', '2025-12-14 14:41:27'),
(421, 7, 'in', 144, '2025-12-13', 'barnag baru masuk', NULL, 'Gudang', '2025-12-14 14:42:23'),
(422, 8, 'in', 50, '2025-12-13', 'barang masuk', NULL, 'Gudang', '2025-12-14 14:42:42'),
(423, 7, 'out', 73, '2025-12-15', 'terjual', 'Online', NULL, '2025-12-16 02:52:31'),
(424, 8, 'out', 26, '2025-12-15', 'terjual', 'Online', NULL, '2025-12-16 02:53:07'),
(425, 9, 'out', 1, '2025-12-15', 'terjual', 'Online', NULL, '2025-12-16 02:53:19'),
(426, 1, 'out', 2, '2025-12-16', 'terjual', 'Online', NULL, '2025-12-16 02:53:28'),
(427, 7, 'out', 41, '2025-12-16', 'terjual', 'Online', NULL, '2025-12-16 14:40:52'),
(428, 8, 'out', 17, '2025-12-16', 'terjual', 'Online', NULL, '2025-12-16 14:41:11'),
(429, 10, 'out', 2, '2025-12-16', 'terjual', 'Online', NULL, '2025-12-16 14:41:31'),
(430, 7, 'in', 36, '2025-12-16', 'Barang yang belum terhitung', NULL, 'barnag yang belum terhitung', '2025-12-17 14:40:40'),
(431, 7, 'out', 36, '2025-12-17', 'terjual', 'Online', NULL, '2025-12-17 14:41:58'),
(432, 7, 'in', 59, '2025-12-18', 'Barang baru masuk', NULL, 'Gudang', '2025-12-18 13:50:03'),
(433, 7, 'out', 19, '2025-12-18', 'terjual', 'Online', NULL, '2025-12-18 13:50:19'),
(434, 8, 'in', 17, '2025-12-18', 'barang baru masuk', NULL, 'Gudang', '2025-12-18 13:52:36'),
(435, 8, 'out', 24, '2025-12-18', 'terjual', 'Online', NULL, '2025-12-18 13:52:49'),
(436, 7, 'out', 30, '2025-12-19', 'terjual', 'Online', NULL, '2025-12-20 13:25:15'),
(437, 8, 'in', 14, '2025-12-19', 'Barang Baru masuk', NULL, 'Gudang', '2025-12-20 13:28:56'),
(438, 8, 'out', 12, '2025-12-19', 'terjual', 'Online', NULL, '2025-12-20 13:29:12'),
(439, 8, 'in', 7, '2025-12-20', 'returnan CARGO', NULL, 'return', '2025-12-20 13:31:54'),
(440, 8, 'in', 45, '2025-12-20', 'Barang baru masuk', NULL, 'Gudang', '2025-12-20 13:33:06'),
(441, 9, 'out', 1, '2025-12-19', 'terjual', 'Online', NULL, '2025-12-20 13:33:35'),
(442, 8, 'out', 24, '2025-12-20', 'terjual', 'Online', NULL, '2025-12-20 13:34:24'),
(443, 7, 'in', 31, '2025-12-20', 'barang masuk', NULL, 'Gudang', '2025-12-20 13:45:06'),
(444, 7, 'out', 47, '2025-12-20', 'terjual', 'Online', NULL, '2025-12-20 13:45:21'),
(445, 1, 'out', 2, '2025-12-20', 'terjual', 'Online', NULL, '2025-12-20 13:45:57'),
(446, 6, 'out', 3, '2025-12-21', 'terjual ', 'Offline', NULL, '2025-12-22 06:53:27'),
(447, 7, 'in', 10, '2025-12-20', 'Barang masuk', NULL, 'Gudang', '2025-12-22 13:49:42'),
(448, 7, 'in', 1, '2025-12-20', 'kurang satu masuk', NULL, 'Gudang', '2025-12-22 13:50:12'),
(449, 8, 'in', 6, '2025-12-20', 'barng masuk', NULL, 'Gudang', '2025-12-22 13:50:28'),
(450, 7, 'out', 11, '2025-12-20', 'terjual offline', 'Offline', NULL, '2025-12-22 13:50:44'),
(451, 8, 'out', 6, '2025-12-20', 'terjual offline', 'Offline', NULL, '2025-12-22 13:50:59'),
(452, 7, 'in', 101, '2025-12-22', 'Barang Masuk', NULL, 'Gudang', '2025-12-22 13:54:15'),
(453, 8, 'in', 16, '2025-12-22', 'barng masuk', NULL, 'Gudang', '2025-12-22 13:55:26'),
(454, 7, 'out', 87, '2025-12-22', 'terjual', 'Online', NULL, '2025-12-22 13:55:39'),
(455, 8, 'out', 30, '2025-12-22', 'terjual', 'Online', NULL, '2025-12-22 13:55:51'),
(456, 7, 'out', 32, '2025-12-23', 'terjual', 'Online', NULL, '2025-12-23 13:11:35'),
(457, 7, 'out', 2, '2025-12-23', 'terjual, kurang 2 harunsya 34', 'Online', NULL, '2025-12-23 13:12:24'),
(458, 7, 'in', 146, '2025-12-23', 'Barang baru masuk', NULL, 'Gudang', '2025-12-23 13:15:37'),
(459, 8, 'in', 19, '2025-12-23', 'Barang Baru masuk', NULL, 'Gudang', '2025-12-23 13:19:33'),
(460, 8, 'out', 18, '2025-12-23', 'terjual', 'Online', NULL, '2025-12-23 13:19:52'),
(461, 7, 'out', 52, '2025-12-24', 'terjual', 'Online', NULL, '2025-12-25 02:00:44'),
(462, 8, 'out', 9, '2025-12-24', 'terjual', 'Online', NULL, '2025-12-25 02:01:51'),
(463, 8, 'in', 31, '2025-12-24', 'Barang baru masuk', NULL, 'Gudang', '2025-12-25 02:02:35'),
(464, 8, 'out', 14, '2025-12-25', 'terjual', 'Online', NULL, '2025-12-26 03:08:28'),
(465, 7, 'out', 46, '2025-12-25', 'terjual', 'Online', NULL, '2025-12-26 03:08:54'),
(466, 1, 'out', 1, '2025-12-25', 'terjual', 'Online', NULL, '2025-12-26 03:09:07'),
(467, 7, 'in', 196, '2025-12-26', 'Barang baru masuk', NULL, 'Gudang', '2025-12-26 13:28:03'),
(468, 7, 'out', 41, '2025-12-26', 'Terjual', 'Online', NULL, '2025-12-26 13:28:50'),
(470, 8, 'out', 1, '2025-12-26', 'Beli langsung ', 'Offline', NULL, '2025-12-26 13:39:52'),
(471, 1, 'out', 2, '2025-12-26', 'beli langsung ', 'Offline', NULL, '2025-12-26 13:56:36'),
(472, 8, 'out', 21, '2025-12-26', 'terjual', 'Online', NULL, '2025-12-26 13:57:21'),
(473, 8, 'in', 1, '2025-12-26', 'Return Cargo', NULL, 'Return ', '2025-12-26 13:58:10'),
(474, 7, 'out', 45, '2025-12-27', 'terjual', 'Online', NULL, '2025-12-27 23:31:04'),
(475, 1, 'out', 1, '2025-12-27', 'terjual', 'Online', NULL, '2025-12-27 23:31:44'),
(476, 2, 'out', 1, '2025-12-27', 'terjual', 'Online', NULL, '2025-12-27 23:31:58'),
(477, 6, 'out', 5, '2025-12-27', 'dipake untuk 5kg baru', 'Untuk 5kg', NULL, '2025-12-27 23:33:19'),
(478, 8, 'in', 19, '2025-12-27', 'Barang baru masuk', NULL, 'Gudang', '2025-12-28 00:23:51'),
(479, 8, 'out', 23, '2025-12-27', 'terjual', 'Online', NULL, '2025-12-28 00:24:07'),
(480, 2, 'out', 1, '2025-12-28', 'terjual, kepake buat yang baru 5kg nya', 'Online', NULL, '2025-12-28 13:50:44'),
(481, 7, 'out', 82, '2025-12-29', 'terjual', 'Online', NULL, '2025-12-30 05:48:58'),
(482, 1, 'out', 2, '2025-12-29', 'terjual', 'Online', NULL, '2025-12-30 05:49:15'),
(483, 8, 'in', 30, '2025-12-29', 'Barang baru masuk', NULL, 'Gudang', '2025-12-30 05:49:49'),
(484, 8, 'out', 29, '2025-12-29', 'terjual', 'Online', NULL, '2025-12-30 05:50:02'),
(485, 7, 'out', 2, '2025-12-29', 'kelewat hitung', 'Online', NULL, '2025-12-30 05:54:55'),
(486, 6, 'out', 6, '2025-12-29', 'terpakai', 'Untuk 5kg', NULL, '2025-12-30 15:37:19'),
(487, 6, 'out', 4, '2025-12-30', 'terpakai', 'Untuk 5kg', NULL, '2025-12-30 15:37:31'),
(488, 7, 'out', 7, '2025-12-29', 'barang miss', 'Untuk 5kg', NULL, '2025-12-30 15:38:46'),
(489, 7, 'out', 40, '2025-12-30', 'terjual', 'Online', NULL, '2025-12-30 15:39:41'),
(490, 8, 'in', 13, '2025-12-30', 'Barang baru masuk', NULL, 'Gudang', '2025-12-30 15:40:10'),
(491, 8, 'out', 14, '2025-12-30', 'terjual', 'Online', NULL, '2025-12-30 15:40:24'),
(492, 7, 'in', 133, '2026-01-02', 'Barang Masuk', NULL, 'Gudang', '2026-01-02 22:37:12'),
(493, 7, 'out', 152, '2026-01-02', 'terjual', 'Online', NULL, '2026-01-02 22:37:31'),
(494, 7, 'in', 9, '2026-01-02', 'Kurang Kehitung', NULL, 'Gudang', '2026-01-02 22:39:15'),
(495, 7, 'out', 9, '2026-01-02', 'tejual, salah hitung', 'Online', NULL, '2026-01-02 22:39:32'),
(496, 8, 'in', 72, '2026-01-02', 'Barang Masuk', NULL, 'Gudang', '2026-01-02 22:40:53'),
(497, 8, 'out', 72, '2026-01-02', 'terjual', 'Online', NULL, '2026-01-02 22:42:03'),
(498, 1, 'in', 1, '2026-01-02', 'barang masuk', NULL, 'Gudang', '2026-01-02 22:42:54'),
(499, 1, 'out', 2, '2026-01-02', 'terjual', 'Online', NULL, '2026-01-02 22:43:09'),
(500, 10, 'out', 3, '2026-01-02', 'untuk Proyek', 'Offline', NULL, '2026-01-02 23:14:07'),
(501, 7, 'in', 68, '2026-01-03', 'Barangmasuk baru', NULL, 'Gudang', '2026-01-03 15:32:56'),
(502, 7, 'out', 84, '2026-01-03', 'terjual', 'Online', NULL, '2026-01-03 15:33:31'),
(503, 1, 'in', 1, '2026-01-03', 'Barang baru masuk', NULL, 'Gudang', '2026-01-03 15:33:56'),
(504, 1, 'out', 1, '2026-01-03', 'terjual', 'Online', NULL, '2026-01-03 15:34:06'),
(505, 8, 'in', 31, '2026-01-03', 'Barang masuk', NULL, 'Gudang', '2026-01-03 15:35:03'),
(506, 8, 'out', 30, '2026-01-03', 'terjual', 'Online', NULL, '2026-01-03 15:35:23'),
(507, 7, 'in', 170, '2026-01-05', 'Barang baru masuk', NULL, 'Gudang', '2026-01-05 15:04:12'),
(508, 8, 'in', 53, '2026-01-05', 'Barang baru masuk', NULL, 'Gudang', '2026-01-05 15:04:45'),
(509, 7, 'out', 170, '2026-01-05', 'Terjual', 'Online', NULL, '2026-01-05 15:05:04'),
(510, 8, 'out', 53, '2026-01-05', 'terjual', 'Online', NULL, '2026-01-05 15:16:32'),
(511, 6, 'out', 1, '2026-01-05', 'terjual, aspal lix', 'Online', NULL, '2026-01-05 15:16:55'),
(512, 1, 'in', 1, '2026-01-05', 'barag baru masuk', NULL, 'Gudang', '2026-01-05 15:17:18'),
(513, 1, 'out', 1, '2026-01-05', 'terjual', 'Online', NULL, '2026-01-05 15:17:27'),
(514, 7, 'in', 44, '2026-01-06', 'Barang baru masuk', NULL, 'Gudang', '2026-01-06 14:14:31'),
(515, 7, 'out', 44, '2026-01-06', 'terjual', 'Online', NULL, '2026-01-06 14:14:53'),
(516, 8, 'in', 33, '2026-01-06', 'barang baru masuk', NULL, 'Gudang', '2026-01-06 14:15:47'),
(517, 8, 'out', 33, '2026-01-06', 'terjual', 'Online', NULL, '2026-01-06 14:16:01'),
(518, 1, 'in', 1, '2026-01-06', 'barang baruu masuk', NULL, 'Gudang', '2026-01-06 14:16:27'),
(519, 1, 'out', 1, '2026-01-06', 'terjual', 'Online', NULL, '2026-01-06 14:16:40'),
(520, 2, 'out', 4, '2026-01-06', 'terjual', 'Online', NULL, '2026-01-06 14:16:52'),
(521, 7, 'in', 82, '2026-01-07', 'barang baru masuk', NULL, 'Gudang', '2026-01-08 02:36:31'),
(522, 7, 'out', 47, '2026-01-07', 'terjual', 'Online', NULL, '2026-01-08 02:37:22'),
(523, 7, 'out', 2, '2026-01-07', 'nge gantiin yang belom jalan\n', 'Online', NULL, '2026-01-08 02:37:47'),
(524, 7, 'in', 1, '2026-01-07', 'cancel', NULL, 'return', '2026-01-08 02:38:05'),
(525, 8, 'in', 18, '2026-01-07', 'barang baru masuk', NULL, 'Gudang', '2026-01-08 02:38:33'),
(526, 8, 'out', 18, '2026-01-07', 'terjual', 'Online', NULL, '2026-01-08 02:38:46'),
(527, 7, 'out', 31, '2026-01-08', 'terjual', 'Online', NULL, '2026-01-10 23:52:58'),
(528, 8, 'in', 7, '2026-01-08', 'barang masuk', NULL, 'Gudang', '2026-01-10 23:55:23'),
(529, 8, 'out', 7, '2026-01-08', 'terjual', 'Online', NULL, '2026-01-10 23:55:38'),
(530, 7, 'out', 1, '2026-01-08', 'aspalix', 'Online', NULL, '2026-01-10 23:56:30'),
(531, 2, 'out', 2, '2026-01-08', 'terjual', 'Online', NULL, '2026-01-10 23:57:14'),
(532, 7, 'in', 25, '2026-01-09', 'barnag masuk', NULL, 'Gudang', '2026-01-11 00:00:16'),
(533, 7, 'out', 25, '2026-01-09', 'terjual', 'Online', NULL, '2026-01-11 00:00:50'),
(534, 7, 'out', 2, '2026-01-09', 'aspalix', 'Online', NULL, '2026-01-11 00:02:16'),
(535, 8, 'in', 10, '2026-01-09', 'barang masuk', NULL, 'Gudang', '2026-01-11 00:04:11'),
(536, 8, 'out', 10, '2026-01-09', 'terjual', 'Online', NULL, '2026-01-11 00:04:29'),
(537, 1, 'in', 17, '2026-01-09', 'barang baru masuk', NULL, 'Gudang', '2026-01-11 00:05:52'),
(538, 1, 'out', 17, '2026-01-09', 'terjual aspal lama', 'Online', NULL, '2026-01-11 00:06:15'),
  (540, 6, 'out', 1, '2026-01-10', 'terjual offline', 'Offline', NULL, '2026-01-11 00:14:00'),
  (541, 7, 'in', 31, '2026-01-10', 'barang masuk', NULL, 'Gudang', '2026-01-11 00:25:46'),
  (542, 7, 'out', 27, '2026-01-10', 'terjual', 'Online', NULL, '2026-01-11 00:26:12'),
  (543, 7, 'out', 4, '2026-01-10', 'terjual aspalix', 'Online', NULL, '2026-01-11 00:26:31'),
  (544, 1, 'in', 1, '2026-01-10', 'barang masuk', NULL, 'Gudang', '2026-01-11 00:30:47'),
  (545, 1, 'out', 1, '2026-01-10', 'terjual', 'Online', NULL, '2026-01-11 00:31:12'),
  (546, 8, 'in', 20, '2026-01-10', 'barang baru masuk', NULL, 'Gudang', '2026-01-11 00:31:55'),
  (547, 8, 'out', 20, '2026-01-10', 'terjual', 'Online', NULL, '2026-01-11 00:32:13'),
  (548, 7, 'in', 128, '2026-01-12', 'Barang Masuk', NULL, 'Gudang', '2026-01-12 13:51:21'),
  (549, 7, 'out', 128, '2026-01-12', 'terjual ( aspalix 7 )', 'Online', NULL, '2026-01-12 13:51:54'),
  (550, 8, 'in', 27, '2026-01-12', 'Barang masuk', NULL, 'Gudang', '2026-01-12 13:52:42'),
  (551, 8, 'out', 27, '2026-01-12', 'terjual', 'Online', NULL, '2026-01-12 13:52:55'),
  (552, 2, 'out', 1, '2026-01-12', 'terjual', 'Online', NULL, '2026-01-12 13:53:10'),
  (553, 1, 'in', 1, '2026-01-12', 'Barang masuk', NULL, 'Gudang', '2026-01-12 13:53:21'),
  (554, 1, 'out', 1, '2026-01-12', 'terjual', 'Online', NULL, '2026-01-12 13:53:33'),
  (555, 7, 'in', 82, '2026-01-13', 'Barang masuk', NULL, 'Gudang', '2026-01-14 02:36:25'),
  (556, 8, 'in', 37, '2026-01-13', 'Barang Masuk', NULL, 'Gudang', '2026-01-14 02:36:56'),
  (557, 7, 'out', 82, '2026-01-13', 'terjual', 'Online', NULL, '2026-01-14 02:37:11'),
  (558, 8, 'out', 37, '2026-01-13', 'terjual', 'Online', NULL, '2026-01-14 02:37:25'),
  (559, 2, 'out', 2, '2026-01-13', 'terjual', 'Online', NULL, '2026-01-14 02:37:39'),
  (560, 7, 'in', 79, '2026-01-14', 'barang masuk', NULL, 'Gudang', '2026-01-15 14:50:18'),
  (561, 7, 'out', 79, '2026-01-14', 'terjual', 'Online', NULL, '2026-01-15 14:50:56'),
  (562, 8, 'in', 37, '2026-01-14', 'barang masuk', NULL, 'Gudang', '2026-01-15 22:58:14'),
  (563, 8, 'out', 37, '2026-01-14', 'terjual', 'Online', NULL, '2026-01-15 22:58:32'),
  (564, 2, 'out', 2, '2026-01-14', 'terjual', 'Online', NULL, '2026-01-15 22:58:46'),
  (565, 7, 'in', 77, '2026-01-15', 'barang masuk', NULL, 'Gudang', '2026-01-15 22:59:55'),
  (566, 8, 'in', 23, '2026-01-15', 'barang baru masuk', NULL, 'gudang', '2026-01-15 23:00:32'),
  (567, 7, 'out', 77, '2026-01-15', 'terjual', 'Online', NULL, '2026-01-15 23:01:02'),
  (568, 8, 'out', 23, '2026-01-15', 'terjual, aspalix 1', 'Online', NULL, '2026-01-15 23:01:24'),
  (569, 9, 'out', 1, '2026-01-15', 'terjual', 'Online', NULL, '2026-01-15 23:01:36'),
  (570, 2, 'out', 2, '2026-01-15', 'terual', 'Online', NULL, '2026-01-15 23:01:51'),
  (571, 7, 'in', 72, '2026-01-16', 'barang masuk', NULL, 'Gudang', '2026-01-17 16:37:43'),
  (572, 8, 'in', 20, '2026-01-16', 'barang masuk', NULL, 'Gudang', '2026-01-17 16:38:30'),
  (573, 7, 'out', 72, '2026-01-16', 'terjual', 'Online', NULL, '2026-01-17 16:39:03'),
  (574, 8, 'out', 20, '2026-01-16', 'terjual', 'Online', NULL, '2026-01-17 16:39:15'),
  (575, 2, 'out', 1, '2026-01-16', 'terjual', 'Online', NULL, '2026-01-17 16:39:29'),
  (576, 7, 'in', 83, '2026-01-17', 'barang masuk', NULL, 'Gudang', '2026-01-19 00:18:23'),
  (577, 8, 'in', 14, '2026-01-17', 'barang masuk', NULL, 'Gudang', '2026-01-19 00:19:02'),
  (578, 1, 'in', 6, '2026-01-17', 'barang masuk', NULL, 'Gudang', '2026-01-19 00:19:19'),
  (579, 1, 'out', 6, '2026-01-17', 'terjual instant', 'Online', NULL, '2026-01-19 00:19:35'),
  (580, 7, 'out', 83, '2026-01-17', 'terjual', 'Online', NULL, '2026-01-19 00:19:49'),
  (581, 8, 'out', 14, '2026-01-17', 'terjual', 'Online', NULL, '2026-01-19 00:20:02'),
  (582, 7, 'in', 249, '2026-01-19', 'barng masuk', NULL, 'Gudang', '2026-01-19 15:27:54'),
  (583, 8, 'in', 49, '2026-01-19', 'barnag masuk', NULL, 'Gudang', '2026-01-19 15:28:31'),
  (584, 7, 'out', 249, '2026-01-19', 'terjual', 'Online', NULL, '2026-01-19 15:29:39'),
  (585, 8, 'out', 49, '2026-01-19', 'terjual', 'Online', NULL, '2026-01-19 15:29:59'),
  (586, 1, 'in', 5, '2026-01-19', 'barnag masuk', NULL, 'Gudang', '2026-01-19 15:30:23'),
  (587, 1, 'out', 5, '2026-01-19', 'terjual', 'Online', NULL, '2026-01-19 15:30:39'),
  (588, 7, 'in', 137, '2026-01-20', 'barnag masuk', NULL, 'Gudang', '2026-01-20 13:38:53'),
  (589, 8, 'in', 30, '2026-01-20', 'barang masuk', NULL, 'Gudang', '2026-01-20 13:39:55'),
  (590, 2, 'out', 1, '2026-01-20', 'terjual', 'Online', NULL, '2026-01-20 13:40:14'),
  (591, 7, 'out', 137, '2026-01-20', 'terjual', 'Online', NULL, '2026-01-20 13:40:27'),
  (592, 8, 'out', 30, '2026-01-20', 'terjual', 'Online', NULL, '2026-01-20 13:40:39'),
  (593, 7, 'in', 99, '2026-01-21', 'barang masuk', NULL, 'Gudang', '2026-01-21 14:15:24'),
  (594, 8, 'in', 22, '2026-01-21', 'barang baru masuk', NULL, 'Gudang', '2026-01-21 14:15:59'),
  (595, 7, 'out', 99, '2026-01-21', 'terjual', 'Online', NULL, '2026-01-21 23:45:42'),
  (596, 8, 'out', 22, '2026-01-21', 'terjual', 'Online', NULL, '2026-01-21 23:47:55'),
  (597, 7, 'in', 86, '2026-01-22', 'Barang Masuk', NULL, 'Gudang', '2026-01-22 14:40:07'),
  (598, 8, 'in', 24, '2026-01-22', 'Barang Masuk', NULL, 'Gudang', '2026-01-22 14:40:53'),
  (599, 7, 'out', 86, '2026-01-22', 'terjual, aspalix 1', 'Online', NULL, '2026-01-22 14:41:08');
  INSERT INTO `inventory_movements` (`id`, `product_id`, `type`, `quantity`, `date`, `notes`, `customer`, `supplier`, `created_at`) VALUES
  (600, 8, 'out', 24, '2026-01-22', 'Terjual', 'Online', NULL, '2026-01-22 14:41:18'),
  (601, 7, 'in', 142, '2026-01-23', 'Barang masuk', NULL, 'Gudang', '2026-01-23 14:55:45'),
  (602, 8, 'in', 26, '2026-01-23', 'Barang Masuk', NULL, 'Gudang', '2026-01-23 14:56:24'),
  (603, 7, 'out', 142, '2026-01-23', 'Terjual', 'Online', NULL, '2026-01-23 14:56:56'),
  (604, 8, 'out', 26, '2026-01-23', 'terjual', 'Online', NULL, '2026-01-23 14:57:17'),
  (605, 1, 'in', 2, '2026-01-23', 'barang masuk', NULL, 'Gudang', '2026-01-23 14:57:55'),
  (606, 1, 'out', 2, '2026-01-23', 'terjual', 'Online', NULL, '2026-01-23 14:58:07'),
  (607, 7, 'in', 157, '2026-01-24', 'barang baru masuk', NULL, 'Gudang', '2026-01-25 14:10:42'),
  (608, 8, 'in', 51, '2026-01-24', 'barang baru masuk', NULL, 'Gudang', '2026-01-25 14:11:27'),
  (609, 7, 'out', 157, '2026-01-24', 'terjual. aspalix 3', 'Online', NULL, '2026-01-25 14:11:55'),
  (610, 8, 'out', 51, '2026-01-24', 'terjual', 'Online', NULL, '2026-01-25 14:12:17'),
  (611, 9, 'out', 1, '2026-01-24', 'terjual', 'Online', NULL, '2026-01-25 14:12:36'),
  (612, 7, 'in', 179, '2026-01-26', 'barang masuk', NULL, 'Gudang', '2026-01-26 15:11:48'),
  (613, 8, 'in', 89, '2026-01-26', 'barang masuk', NULL, 'Gudang', '2026-01-26 15:12:14'),
  (614, 7, 'out', 179, '2026-01-26', 'terjual', 'Online', NULL, '2026-01-26 15:13:03'),
  (615, 8, 'out', 89, '2026-01-26', 'terjual, 1 instan', 'Online', NULL, '2026-01-26 15:13:33'),
  (616, 7, 'in', 81, '2026-01-27', 'barang masuk', NULL, 'Gudang', '2026-01-27 14:20:06'),
  (617, 8, 'in', 30, '2026-01-27', 'barang masuk', NULL, 'Gudang', '2026-01-27 14:20:42'),
  (618, 7, 'out', 81, '2026-01-27', 'terjual', 'Online', NULL, '2026-01-27 14:20:59'),
  (619, 8, 'out', 30, '2026-01-27', 'terjual', 'Online', NULL, '2026-01-27 14:21:14'),
  (620, 7, 'in', 150, '2026-01-29', 'Barang Masuk', NULL, 'Gudang', '2026-01-29 13:55:23'),
  (621, 8, 'in', 39, '2026-01-29', 'Barang Masuk', NULL, 'Gudang', '2026-01-29 13:55:55'),
  (622, 7, 'out', 150, '2026-01-29', 'terjual, 1 offline toped', 'Online', NULL, '2026-01-29 13:56:12'),
  (623, 8, 'out', 39, '2026-01-29', 'terjual', 'Online', NULL, '2026-01-29 13:56:23'),
  (624, 6, 'out', 1, '2026-01-29', 'terjual offline', 'Offline', NULL, '2026-01-30 23:29:46'),
  (625, 7, 'in', 250, '2026-01-30', 'barang masuk', NULL, 'Gudang', '2026-01-31 01:22:41'),
  (626, 8, 'in', 57, '2026-01-30', 'Barang masuk', NULL, 'Gudang', '2026-01-31 01:23:16'),
  (627, 7, 'out', 250, '2026-01-30', 'terjual', 'Online', NULL, '2026-01-31 01:23:28'),
  (628, 8, 'out', 57, '2026-01-30', 'terjual', 'Online', NULL, '2026-01-31 01:23:39'),
  (629, 7, 'in', 116, '2026-01-31', 'Barang Masuk', NULL, 'Gudang', '2026-02-01 14:07:58'),
  (630, 8, 'in', 24, '2026-01-31', 'Barang Masuk', NULL, 'Gudang', '2026-02-01 14:08:38'),
  (631, 9, 'in', 2, '2026-01-31', 'barnag masuk', NULL, 'Gudang', '2026-02-01 14:08:54'),
  (632, 1, 'in', 3, '2026-01-31', 'barang masuk', NULL, 'Gudang', '2026-02-01 14:09:42'),
  (633, 1, 'out', 3, '2026-01-31', 'terjual', 'Online', NULL, '2026-02-01 14:09:58'),
  (634, 7, 'out', 116, '2026-01-31', 'terjual', 'Online', NULL, '2026-02-01 14:10:35'),
  (635, 8, 'out', 24, '2026-01-31', 'terjual', 'Online', NULL, '2026-02-01 14:11:28'),
  (636, 9, 'out', 2, '2026-01-31', 'terjual', 'Online', NULL, '2026-02-01 14:11:49'),
  (637, 2, 'out', 3, '2026-01-31', 'terjual', 'Online', NULL, '2026-02-01 14:12:20'),
  (638, 6, 'out', 1, '2026-01-31', 'terjual', 'Online', NULL, '2026-02-01 14:12:36'),
  (639, 7, 'in', 180, '2026-02-02', 'barang masuk', NULL, 'Gudang', '2026-02-02 13:45:41'),
  (640, 8, 'in', 70, '2026-02-02', 'barang baru masuk', NULL, 'Gudang', '2026-02-02 13:46:19'),
  (641, 7, 'out', 180, '2026-02-02', 'terjual', 'Online', NULL, '2026-02-02 13:46:38'),
  (642, 8, 'out', 70, '2026-02-02', 'terjual', 'Online', NULL, '2026-02-02 13:46:52'),
  (643, 2, 'out', 3, '2026-02-02', 'terjual', 'Online', NULL, '2026-02-02 13:47:06'),
  (644, 7, 'in', 102, '2026-02-03', 'barnag masuk', NULL, 'Gudang', '2026-02-03 14:21:04'),
  (645, 8, 'in', 47, '2026-02-03', 'Barang masuk', NULL, 'Gudang', '2026-02-03 14:21:31'),
  (646, 7, 'out', 102, '2026-02-03', 'terjual', 'Online', NULL, '2026-02-03 14:21:47'),
  (647, 8, 'out', 47, '2026-02-03', 'terjual', 'Online', NULL, '2026-02-03 14:21:55'),
  (648, 1, 'in', 1, '2026-02-03', 'barng masuk', NULL, 'Gudang', '2026-02-03 14:22:06'),
  (649, 1, 'out', 1, '2026-02-03', 'terjuall', 'Online', NULL, '2026-02-03 14:22:14'),
  (650, 7, 'in', 84, '2026-02-04', 'barang baru masuk', NULL, 'Gudang', '2026-02-05 15:01:43'),
  (651, 8, 'in', 37, '2026-02-04', 'barang baru masuk', NULL, 'Gudang', '2026-02-05 15:02:24'),
  (652, 7, 'out', 84, '2026-02-04', 'terjual', 'Online', NULL, '2026-02-05 15:02:39'),
  (653, 8, 'out', 37, '2026-02-04', 'terjual', 'Online', NULL, '2026-02-05 15:02:53'),
  (654, 2, 'out', 1, '2026-02-04', 'terjual', 'Online', NULL, '2026-02-05 15:03:07'),
  (655, 7, 'in', 73, '2026-02-05', 'barang baru masuk', NULL, 'Gudang', '2026-02-05 15:05:12'),
  (656, 1, 'in', 2, '2026-02-05', 'barang baru masuk', NULL, 'Gudang', '2026-02-05 15:05:27'),
  (657, 8, 'in', 52, '2026-02-05', 'barang baru masuk', NULL, 'Gudang', '2026-02-05 15:06:11'),
  (658, 7, 'out', 73, '2026-02-05', 'terjual', 'Online', NULL, '2026-02-05 15:06:23'),
  (659, 8, 'out', 52, '2026-02-05', 'terjual', 'Online', NULL, '2026-02-05 15:06:33'),
  (660, 7, 'in', 64, '2026-02-06', 'barang baru masuk', NULL, 'Gudang', '2026-02-08 23:41:41'),
  (661, 8, 'in', 51, '2026-02-06', 'barang baru masuk', NULL, 'Gudang', '2026-02-08 23:42:13'),
  (662, 7, 'out', 64, '2026-02-06', 'terjual', 'Online', NULL, '2026-02-08 23:42:26'),
  (663, 8, 'out', 51, '2026-02-06', 'terjual', 'Online', NULL, '2026-02-08 23:42:40'),
  (664, 2, 'out', 1, '2026-02-06', 'terjual', 'Online', NULL, '2026-02-08 23:42:55'),
  (665, 7, 'in', 50, '2026-02-07', 'barang baru masuk', NULL, 'Gudang', '2026-02-09 15:04:45'),
  (666, 8, 'in', 47, '2026-02-07', 'barang baru masuk', NULL, 'Gudang', '2026-02-09 15:05:35'),
  (667, 8, 'in', 2, '2026-02-07', 'barang baru masuk', NULL, 'gudang', '2026-02-09 15:05:58'),
  (668, 7, 'out', 50, '2026-02-07', 'terjual', 'Online', NULL, '2026-02-09 15:06:27'),
  (669, 8, 'out', 49, '2026-02-07', 'terjual', 'Online', NULL, '2026-02-09 15:06:43'),
  (670, 2, 'out', 1, '2026-02-07', 'terjual', 'Online', NULL, '2026-02-09 15:09:50'),
  (671, 7, 'in', 149, '2026-02-09', 'barang baru masuk', NULL, 'Gudang', '2026-02-09 15:11:09'),
  (672, 8, 'in', 113, '2026-02-09', 'barang baru masuk', NULL, 'gudang', '2026-02-09 15:13:30'),
  (673, 1, 'in', 2, '2026-02-09', 'barang baru masuk', NULL, 'Gudang', '2026-02-09 15:13:49'),
  (674, 1, 'out', 4, '2026-02-09', 'terjual', 'Online', NULL, '2026-02-09 15:13:59'),
  (675, 7, 'out', 149, '2026-02-09', 'terjual', 'Online', NULL, '2026-02-09 15:14:12'),
  (676, 8, 'out', 113, '2026-02-09', 'terjual', 'Online', NULL, '2026-02-09 15:14:25'),
  (677, 7, 'in', 71, '2026-02-10', 'barang baru masuk', NULL, 'gudang', '2026-02-11 00:25:21'),
  (678, 8, 'in', 35, '2026-02-10', 'barang baru masuk', NULL, 'gudang', '2026-02-11 00:26:12'),
  (679, 7, 'out', 71, '2026-02-10', 'terjual', 'Online', NULL, '2026-02-11 00:26:46'),
  (680, 8, 'out', 35, '2026-02-10', 'terjual', 'Online', NULL, '2026-02-11 00:26:56'),
  (681, 10, 'out', 1, '2026-02-10', 'terjual', 'Online', NULL, '2026-02-11 00:27:07'),
  (682, 7, 'in', 67, '2026-02-12', 'barang baru masuk', NULL, 'Gudang', '2026-02-12 14:30:54'),
  (683, 8, 'in', 39, '2026-02-12', 'barang baru masuk', NULL, 'Gudang', '2026-02-12 14:32:01'),
  (684, 7, 'out', 67, '2026-02-12', 'terjual', 'Online', NULL, '2026-02-12 14:32:15'),
  (685, 8, 'out', 39, '2026-02-12', 'terjual', 'Online', NULL, '2026-02-12 14:32:28'),
  (686, 7, 'in', 94, '2026-02-13', 'barang masuk', NULL, 'Gudang', '2026-02-13 15:01:24'),
  (687, 8, 'in', 51, '2026-02-13', 'Barang masuk', NULL, 'Gudang', '2026-02-13 15:02:07'),
  (689, 7, 'out', 94, '2026-02-13', 'terjual', 'Online', NULL, '2026-02-13 15:05:12'),
  (690, 8, 'out', 51, '2026-02-13', 'terjual', 'Online', NULL, '2026-02-13 15:06:01'),
  (691, 10, 'out', 2, '2026-02-13', 'terjual', 'Online', NULL, '2026-02-13 15:06:36'),
  (692, 7, 'in', 63, '2026-02-14', 'barang masuk', NULL, 'Gudang', '2026-02-14 14:22:08'),
  (693, 8, 'in', 49, '2026-02-14', 'barang masuk', NULL, 'gudang', '2026-02-14 14:23:54'),
  (694, 9, 'in', 1, '2026-02-14', 'barang masuk', NULL, 'Gudang', '2026-02-14 14:25:56'),
  (695, 7, 'out', 63, '2026-02-14', 'terjual', 'Online', NULL, '2026-02-14 14:26:19'),
  (696, 8, 'out', 49, '2026-02-14', 'terjual', 'Online', NULL, '2026-02-14 14:26:28'),
  (697, 2, 'out', 1, '2026-02-14', 'terjual', 'Online', NULL, '2026-02-14 14:26:37'),
  (698, 9, 'out', 1, '2026-02-14', 'terjual', 'Online', NULL, '2026-02-14 14:28:05'),
  (699, 7, 'in', 146, '2026-02-16', 'Barang masuk', NULL, 'Gudang', '2026-02-16 14:49:57'),
  (700, 8, 'in', 76, '2026-02-16', 'barang masuk', NULL, 'Gudang', '2026-02-16 14:51:10'),
  (701, 1, 'in', 2, '2026-02-16', 'barng masuk', NULL, 'Gudang', '2026-02-16 14:51:27'),
  (702, 9, 'in', 1, '2026-02-16', 'Barang masuk', NULL, 'Gudang', '2026-02-16 14:52:21'),
  (703, 7, 'out', 146, '2026-02-16', 'terjual', 'Online', NULL, '2026-02-16 14:52:32'),
  (704, 8, 'out', 76, '2026-02-16', 'terjual', 'Online', NULL, '2026-02-16 14:52:43'),
  (705, 9, 'out', 1, '2026-02-16', 'terjual instant\n', 'Online', NULL, '2026-02-16 14:52:59');

  -- --------------------------------------------------------

  --
  -- Table structure for table `inventory_products`
  --

CREATE TABLE `inventory_products` (
  `id` int(11) NOT NULL AUTO_INCREMENT,
  `code` varchar(50) NOT NULL,
  `name` varchar(150) NOT NULL,
  `variant` varchar(10) NOT NULL,
  `stock` int(11) NOT NULL DEFAULT 0,
  `price` bigint(20) NOT NULL DEFAULT 0,
  `description` text DEFAULT NULL,
  `created_at` timestamp NOT NULL DEFAULT current_timestamp(),
  `updated_at` timestamp NOT NULL DEFAULT current_timestamp() ON UPDATE current_timestamp(),
  PRIMARY KEY (`id`),
  UNIQUE KEY `code` (`code`)
) ENGINE=InnoDB DEFAULT CHARSET=utf8mb4;


  --
  -- Dumping data for table `inventory_products`
  --

  INSERT INTO `inventory_products` (`id`, `code`, `name`, `variant`, `stock`, `price`, `description`, `created_at`, `updated_at`) VALUES
  (1, 'AEW-1KG', 'Aspal Emulsion Waterproofing', '1', 2, 45000, 'Ukuran kecil', '2025-08-31 13:44:42', '2026-02-16 14:51:27'),
  (2, 'AEW-5KG', 'Aspal Emulsion Waterproofing', '5', 239, 185000, 'ukuran sedang', '2025-08-31 13:46:50', '2026-02-14 14:26:37'),
  (3, 'AEW-20KG', 'Aspal Emulsion Waterproofing', '20', 29, 720000, 'ukuran besar', '2025-08-31 13:49:55', '2025-11-06 14:31:25'),
  (6, 'AEW-25KG', 'Aspal Emulsion Waterproofing', '25', 117, 875000, 'Ukuran Jumbo', '2025-08-31 23:51:22', '2026-02-01 14:12:36'),
  (7, 'AEWB-1KG', 'Aspal Emulsion Waterproofing Baru', '1', 0, 35000, 'Model Baru', '2025-08-31 23:54:11', '2026-02-16 14:52:32'),
  (8, 'AEWB-5KG', 'Aspal Emulsion Waterproofing Baru', '5', 0, 140000, 'Produk Baru', '2025-08-31 23:54:51', '2026-02-16 14:52:43'),
  (9, 'AEWB-20KG', 'Aspal Emulsion Waterproofing Baru', '20', 0, 720000, 'Produk Baru ', '2025-08-31 23:55:20', '2026-02-16 14:52:59'),
  (10, 'AEWB-25KG', 'Aspal Emulsion Waterproofing Baru', '25', 13, 890000, 'Produk Baru ', '2025-08-31 23:55:35', '2026-02-13 15:06:36');

  -- --------------------------------------------------------

  --
  -- Table structure for table `login_attempts`
  --

CREATE TABLE `login_attempts` (
  `id` int(11) NOT NULL AUTO_INCREMENT,
  `email` varchar(150) DEFAULT NULL,
  `ip` varchar(45) DEFAULT NULL,
  `success` tinyint(1) NOT NULL DEFAULT 0,
  `attempted_at` timestamp NOT NULL DEFAULT current_timestamp(),
  PRIMARY KEY (`id`),
  KEY `idx_email_time` (`email`,`attempted_at`),
  KEY `idx_ip_time` (`ip`,`attempted_at`),
  KEY `idx_time` (`attempted_at`)
) ENGINE=InnoDB DEFAULT CHARSET=utf8mb4;


  --
  -- Dumping data for table `login_attempts`
  --

  INSERT INTO `login_attempts` (`id`, `email`, `ip`, `success`, `attempted_at`) VALUES
  (210, 'xnoverse898@gmail.com', '110.138.83.79', 1, '2026-02-16 14:47:33');

  -- --------------------------------------------------------

  --
  -- Table structure for table `users`
  --

CREATE TABLE `users` (
  `id` int(10) UNSIGNED NOT NULL AUTO_INCREMENT,
  `email` varchar(150) NOT NULL,
  `password_hash` varchar(255) NOT NULL,
  `name` varchar(150) DEFAULT NULL,
  `created_at` timestamp NOT NULL DEFAULT current_timestamp(),
  `failed_attempts` int(11) NOT NULL DEFAULT 0,
  `lock_until` datetime DEFAULT NULL,
  `last_lock_at` datetime DEFAULT NULL,
  `is_blocked` tinyint(1) NOT NULL DEFAULT 0,
  `is_admin` tinyint(1) NOT NULL DEFAULT 0,
  `reset_token` varchar(255) DEFAULT NULL,
  `reset_expires` datetime DEFAULT NULL,
  PRIMARY KEY (`id`),
  UNIQUE KEY `users_email_unique` (`email`)
) ENGINE=InnoDB DEFAULT CHARSET=utf8mb4;


  --
  -- Dumping data for table `users`
  --

  INSERT INTO `users` (`id`, `email`, `password_hash`, `name`, `created_at`, `failed_attempts`, `lock_until`, `last_lock_at`, `is_blocked`, `is_admin`, `reset_token`, `reset_expires`) VALUES
  (1, 'mohamadarraafi@gmail.com', '$2y$10$dbYwW55rjIYAMvVdwCwvpOtI5nd13a.aubpdZIwR4NaJeljF3jvMC', 'mohamad Araafi', '2025-09-01 05:00:46', 0, '2025-11-13 19:55:10', '2025-11-13 19:54:10', 1, 0, 'f03272d5f786c45c8b319f0edbb2af3260dd04ca7c7a55a7484fdd89b4caae22', '2025-09-09 12:49:26'),
  (2, 'xnoverse898@gmail.com', '$2y$10$9gYNq6EGm6pRydVrZQB1/OpbElcZUkeV.w4R..QQuqI7OFaj5eL/i', 'Arafi', '2025-09-01 09:55:44', 0, NULL, NULL, 0, 0, NULL, NULL),
  (3, 'nunanana@gmail.com', '$2y$10$Q30dF35HxxbR/M3Mhhdv.eKjmFcAeW2Ff9vc7JdSOcCQzVRhUFdq.', 'Nuna Nana', '2025-09-02 04:56:27', 0, NULL, NULL, 0, 0, NULL, NULL);

  --
  -- Indexes for dumped tables
  --

  --
  -- Indexes for table `inventory_movements`
  --
  ALTER TABLE `inventory_movements`
    ADD PRIMARY KEY (`id`),
    ADD KEY `fk_inventory_product` (`product_id`);

  --
  -- Indexes for table `inventory_products`
  --
  ALTER TABLE `inventory_products`
    ADD PRIMARY KEY (`id`),
    ADD UNIQUE KEY `code` (`code`);

  --
  -- Indexes for table `login_attempts`
  --
  ALTER TABLE `login_attempts`
    ADD PRIMARY KEY (`id`),
    ADD KEY `idx_email_time` (`email`,`attempted_at`),
    ADD KEY `idx_ip_time` (`ip`,`attempted_at`),
    ADD KEY `idx_time` (`attempted_at`);

  --
  -- Indexes for table `users`
  --
  ALTER TABLE `users`
    ADD PRIMARY KEY (`id`),
    ADD UNIQUE KEY `users_email_unique` (`email`);

  --
  -- AUTO_INCREMENT for dumped tables
  --

  --
  -- AUTO_INCREMENT for table `inventory_movements`
  --
  ALTER TABLE `inventory_movements`
    MODIFY `id` bigint(20) NOT NULL AUTO_INCREMENT, AUTO_INCREMENT=706;

  --
  -- AUTO_INCREMENT for table `inventory_products`
  --
  ALTER TABLE `inventory_products`
    MODIFY `id` int(11) NOT NULL AUTO_INCREMENT, AUTO_INCREMENT=11;

  --
  -- AUTO_INCREMENT for table `login_attempts`
  --
  ALTER TABLE `login_attempts`
    MODIFY `id` int(11) NOT NULL AUTO_INCREMENT, AUTO_INCREMENT=211;

  --
  -- AUTO_INCREMENT for table `users`
  --
  ALTER TABLE `users`
    MODIFY `id` int(10) UNSIGNED NOT NULL AUTO_INCREMENT, AUTO_INCREMENT=4;

  --
  -- Constraints for dumped tables
  --

  --
  -- Constraints for table `inventory_movements`
  --
  ALTER TABLE `inventory_movements`
    ADD CONSTRAINT `fk_inventory_product` FOREIGN KEY (`product_id`) REFERENCES `inventory_products` (`id`) ON UPDATE CASCADE;
  COMMIT;

  /*!40101 SET CHARACTER_SET_CLIENT=@OLD_CHARACTER_SET_CLIENT */;
  /*!40101 SET CHARACTER_SET_RESULTS=@OLD_CHARACTER_SET_RESULTS */;
  /*!40101 SET COLLATION_CONNECTION=@OLD_COLLATION_CONNECTION */;
